{
  "tau": 6897.329310267298,
  "TP": 2392,
  "FP": 95,
  "TN": 98,
  "FN": 2592,
  "precision": 0.9618013671050993,
  "recall": 0.47993579454157315,
  "specificity": 0.5077720206990791,
  "f1": 0.6403426538354974,
  "hprs": 0.5890766999276558,
  "accuracy": 0.48097353679644395,
  "auc_roc": 0.45422970084581543
}