{
  "tau": -1391.175094528122,
  "hprs": 0.6509892978340109,
  "TP": 3223,
  "FP": 98,
  "TN": 95,
  "FN": 1761,
  "precision": 0.970490816016349,
  "recall": 0.6466693418927635,
  "specificity": 0.49222797924910733,
  "f1": 0.7761589355959637,
  "accuracy": 0.6409117249359844,
  "auc_roc": 0.5723340596645015
}