{
  "tau": -895.6694464239631,
  "hprs": 0.671163960188757,
  "TP": 2954,
  "FP": 83,
  "TN": 110,
  "FN": 2030,
  "precision": 0.9726703984162902,
  "recall": 0.5926966292122939,
  "specificity": 0.5699481864989664,
  "f1": 0.7365665081963997,
  "accuracy": 0.5918485609414876,
  "auc_roc": 0.5886941840833673
}