{
  "tau": 1167.9146539117241,
  "hprs": 0.5542316835180516,
  "TP": 2588,
  "FP": 114,
  "TN": 79,
  "FN": 2396,
  "precision": 0.9578090303443457,
  "recall": 0.5192616372381235,
  "specificity": 0.4093264248492577,
  "f1": 0.673432209854827,
  "accuracy": 0.5151632219422153,
  "auc_roc": 0.4392969419240015
}